{
  "materiiPrime": [
    {
      "id": 1,
      "denumire": "Malt",
      "tip": "malt",
      "cantitate": 1076,
      "unitate": "kg",
      "producator": "Generic Malt",
      "codProdus": "MALT-001",
      "lot": "",
      "subcategorie": ""
    },
    {
      "id": 2,
      "denumire": "Malt Pale Ale",
      "tip": "malt",
      "cantitate": 2378.55,
      "unitate": "kg",
      "producator": "Generic Malt",
      "codProdus": "MALT-002",
      "lot": "",
      "subcategorie": ""
    },
    {
      "id": 3,
      "denumire": "Drojdie F2",
      "tip": "drojdie",
      "cantitate": 1000,
      "unitate": "g",
      "producator": "Fermentis",
      "codProdus": "DROJDIE-002",
      "lot": "",
      "subcategorie": ""
    },
    {
      "id": 4,
      "denumire": "Drojdie U.S 05",
      "tip": "drojdie",
      "cantitate": 1450,
      "unitate": "g",
      "producator": "Fermentis",
      "codProdus": "DROJDIE-003",
      "lot": "",
      "subcategorie": ""
    },
    {
      "id": 5,
      "denumire": "Drojdie B.E 256",
      "tip": "drojdie",
      "cantitate": 870,
      "unitate": "g",
      "producator": "Fermentis",
      "codProdus": "DROJDIE-004",
      "lot": "",
      "subcategorie": ""
    },
    {
      "id": 6,
      "denumire": "Hamei Bitter",
      "tip": "hamei",
      "cantitate": 992.33,
      "unitate": "kg",
      "producator": "Generic Hops",
      "codProdus": "HAMEI-001",
      "lot": "",
      "subcategorie": ""
    },
    {
      "id": 7,
      "denumire": "Hamei Aroma",
      "tip": "hamei",
      "cantitate": 984.01,
      "unitate": "kg",
      "producator": "Generic Hops",
      "codProdus": "HAMEI-002",
      "lot": "",
      "subcategorie": ""
    },
    {
      "id": 8,
      "denumire": "Irish Moss",
      "tip": "aditiv",
      "cantitate": 1097.25,
      "unitate": "kg",
      "producator": "Generic Additives",
      "codProdus": "ADITIV-001",
      "lot": "",
      "subcategorie": ""
    },
    {
      "id": 9,
      "denumire": "Zahar brun",
      "tip": "aditiv",
      "cantitate": 25.14,
      "unitate": "kg",
      "producator": "Generic Additives",
      "codProdus": "ADITIV-002",
      "lot": "",
      "subcategorie": ""
    }
  ]
}