{
  "iesiri": [
    {
      "id": 1,
      "lotId": "1",
      "reteta": "ADAPTOR LA SITUATIE - CB 01",
      "cantitate": "41.91",
      "numarUnitatiScoase": 127,
      "ambalaj": "sticle",
      "motiv": "vanzare",
      "dataIesire": "2025-10-09T18:21:24.565Z",
      "utilizator": "Administrator",
      "observatii": "",
      "createdAt": "2025-10-09T18:21:24.577Z"
    },
    {
      "id": 4,
      "lotId": "1",
      "reteta": "ADAPTOR LA SITUATIE - CB 01",
      "cantitate": "99.00",
      "numarUnitatiScoase": 300,
      "ambalaj": "sticle",
      "motiv": "vanzare",
      "dataIesire": "2025-11-12T18:04:33.908Z",
      "utilizator": "Administrator",
      "observatii": "",
      "createdAt": "2025-11-12T18:04:33.930Z"
    },
    {
      "id": 5,
      "lotId": "1",
      "reteta": "INTRERUPATOR DE MUNCA - CB 02",
      "cantitate": "49.83",
      "numarUnitatiScoase": 151,
      "ambalaj": "sticle",
      "motiv": "vanzare",
      "dataIesire": "2025-11-12T20:47:13.486Z",
      "utilizator": "Administrator",
      "observatii": "",
      "createdAt": "2025-11-12T20:47:13.492Z"
    },
    {
      "id": 6,
      "lotId": "2",
      "reteta": "INTRERUPATOR DE MUNCA - CB 02",
      "cantitate": "9.90",
      "numarUnitatiScoase": 30,
      "ambalaj": "sticle",
      "motiv": "vanzare",
      "dataIesire": "2025-11-12T20:47:26.376Z",
      "utilizator": "Administrator",
      "observatii": "",
      "createdAt": "2025-11-12T20:47:26.381Z"
    },
    {
      "id": 7,
      "lotId": "10",
      "reteta": "ADAPTOR LA SITUATIE - CB 01",
      "cantitate": "5.94",
      "numarUnitatiScoase": 18,
      "ambalaj": "sticle",
      "motiv": "vanzare",
      "dataIesire": "2025-11-13T08:09:01.785Z",
      "utilizator": "Administrator",
      "observatii": "",
      "createdAt": "2025-11-13T08:09:01.791Z"
    },
    {
      "id": 9,
      "lotId": "4",
      "reteta": "INTRERUPATOR DE MUNCA - CB 02",
      "cantitate": "9.90",
      "numarUnitatiScoase": 30,
      "ambalaj": "sticle",
      "motiv": "consum_intern",
      "dataIesire": "2025-11-13T08:16:46.722Z",
      "utilizator": "Administrator",
      "observatii": "",
      "createdAt": "2025-11-13T08:16:46.727Z"
    },
    {
      "id": 10,
      "lotId": "5",
      "reteta": "INTRERUPATOR DE MUNCA - CB 02",
      "cantitate": "9.90",
      "numarUnitatiScoase": 30,
      "ambalaj": "sticle",
      "motiv": "vanzare",
      "dataIesire": "2025-11-13T08:20:57.849Z",
      "utilizator": "Administrator",
      "observatii": "",
      "createdAt": "2025-11-13T08:20:57.854Z"
    },
    {
      "id": 11,
      "lotId": "8",
      "reteta": "ADAPTOR LA SITUATIE - CB 01",
      "cantitate": "26.73",
      "numarUnitatiScoase": 81,
      "ambalaj": "sticle",
      "motiv": "vanzare",
      "dataIesire": "2025-11-13T09:16:21.665Z",
      "utilizator": "Administrator",
      "observatii": "",
      "createdAt": "2025-11-13T09:16:21.671Z"
    },
    {
      "id": 13,
      "lotId": "13",
      "reteta": "USB AMPER ALE - CB 03",
      "cantitate": "554.40",
      "numarUnitatiScoase": 1680,
      "ambalaj": "sticle",
      "motiv": "vanzare",
      "dataIesire": "2025-11-13T09:30:29.764Z",
      "utilizator": "Administrator",
      "observatii": "",
      "createdAt": "2025-11-13T09:30:29.770Z"
    },
    {
      "id": 14,
      "lotId": "20",
      "reteta": "USB AMPER ALE - CB 03",
      "cantitate": "200.00",
      "numarUnitatiScoase": 5,
      "ambalaj": "keguri",
      "motiv": "vanzare",
      "dataIesire": "2025-11-15T12:22:40.773Z",
      "utilizator": "Administrator",
      "observatii": "",
      "createdAt": "2025-11-15T12:22:40.777Z"
    },
    {
      "id": 15,
      "lotId": "20",
      "reteta": "USB AMPER ALE - CB 03",
      "cantitate": "200.00",
      "numarUnitatiScoase": 5,
      "ambalaj": "keguri",
      "motiv": "rebut",
      "dataIesire": "2025-11-15T12:23:35.733Z",
      "utilizator": "Administrator",
      "observatii": "",
      "createdAt": "2025-11-15T12:23:35.737Z"
    },
    {
      "id": 16,
      "lotId": "20",
      "reteta": "ADAPTOR LA SITUATIE - CB 01",
      "cantitate": "1386.99",
      "numarUnitatiScoase": 4203,
      "ambalaj": "sticle",
      "motiv": "vanzare",
      "dataIesire": "2025-11-15T12:29:19.133Z",
      "utilizator": "Administrator",
      "observatii": "",
      "createdAt": "2025-11-15T12:29:19.138Z"
    },
    {
      "id": 17,
      "lotId": "6",
      "reteta": "ADAPTOR LA SITUATIE - CB 01",
      "cantitate": "20.00",
      "numarUnitatiScoase": 1,
      "ambalaj": "keguri",
      "motiv": "rebut",
      "dataIesire": "2025-11-15T18:31:11.244Z",
      "utilizator": "Administrator",
      "observatii": "",
      "createdAt": "2025-11-15T18:31:11.273Z"
    },
    {
      "id": 18,
      "lotId": "7",
      "reteta": "ADAPTOR LA SITUATIE - CB 01",
      "cantitate": "20.00",
      "numarUnitatiScoase": 1,
      "ambalaj": "keguri",
      "motiv": "rebut",
      "dataIesire": "2025-11-15T18:31:33.059Z",
      "utilizator": "Administrator",
      "observatii": "",
      "createdAt": "2025-11-15T18:31:33.065Z"
    },
    {
      "id": 19,
      "lotId": "9",
      "reteta": "ADAPTOR LA SITUATIE - CB 01",
      "cantitate": "6.93",
      "numarUnitatiScoase": 21,
      "ambalaj": "sticle",
      "motiv": "rebut",
      "dataIesire": "2025-11-15T18:31:48.721Z",
      "utilizator": "Administrator",
      "observatii": "",
      "createdAt": "2025-11-15T18:31:48.726Z"
    },
    {
      "id": 20,
      "lotId": "13",
      "reteta": "USB AMPER ALE - CB 03",
      "cantitate": "435.60",
      "numarUnitatiScoase": 1320,
      "ambalaj": "sticle",
      "motiv": "rebut",
      "dataIesire": "2025-11-15T18:33:37.432Z",
      "utilizator": "Administrator",
      "observatii": "",
      "createdAt": "2025-11-15T18:33:37.438Z"
    },
    {
      "id": 21,
      "lotId": "10",
      "reteta": "ADAPTOR LA SITUATIE - CB 01",
      "cantitate": "599.94",
      "numarUnitatiScoase": 1818,
      "ambalaj": "sticle",
      "motiv": "rebut",
      "dataIesire": "2025-11-15T19:59:02.117Z",
      "utilizator": "Administrator",
      "observatii": "",
      "createdAt": "2025-11-15T19:59:02.181Z"
    }
  ]
}