{
  "fermentatoare": [
    {
      "id": 1,
      "nume": "Fermentator 1",
      "capacitate": 1000,
      "ocupat": true,
      "reteta": "ADAPTOR LA SITUATIE - CB 01",
      "cantitate": 40,
      "dataInceput": "2025-11-12T19:46:52.748Z",
      "imagine": "/Imagini/fermentator.png"
    },
    {
      "id": 2,
      "nume": "Fermentator 2",
      "capacitate": 1000,
      "ocupat": true,
      "reteta": "ADAPTOR LA SITUATIE - CB 01",
      "cantitate": 100,
      "dataInceput": "2025-11-12T20:11:59.152Z",
      "imagine": "/Imagini/fermentator.png"
    },
    {
      "id": 3,
      "nume": "Fermentator 3",
      "capacitate": 1000,
      "ocupat": true,
      "reteta": "ADAPTOR LA SITUATIE - CB 01",
      "cantitate": 100,
      "dataInceput": "2025-11-12T20:19:55.628Z",
      "imagine": "/Imagini/fermentator.png"
    },
    {
      "id": 4,
      "nume": "Fermentator 4",
      "capacitate": 1000,
      "ocupat": false,
      "reteta": "USB AMPER ALE - CB 03",
      "cantitate": 0,
      "dataInceput": "2025-09-02T18:00:45.704Z",
      "imagine": "/Imagini/fermentator.png"
    },
    {
      "id": 5,
      "nume": "Fermentator 5",
      "capacitate": 2000,
      "ocupat": false,
      "reteta": "USB AMPER ALE - CB 03",
      "cantitate": 0,
      "dataInceput": "2025-09-02T18:02:39.154Z",
      "imagine": "/Imagini/fermentator.png"
    },
    {
      "id": 6,
      "nume": "Fermentator 6",
      "capacitate": 2000,
      "ocupat": false,
      "reteta": "ADAPTOR LA SITUATIE - CB 01",
      "cantitate": 0,
      "dataInceput": "2025-09-07T08:24:12.139Z",
      "imagine": "/Imagini/fermentator.png"
    }
  ]
}