{
  "iesiri": [
    {
      "id": 1,
      "lotId": "1",
      "reteta": "ADAPTOR LA SITUATIE - CB 01",
      "cantitate": "41.91",
      "numarUnitatiScoase": 127,
      "ambalaj": "sticle",
      "motiv": "vanzare",
      "dataIesire": "2025-10-09T18:21:24.565Z",
      "utilizator": "Administrator",
      "observatii": "",
      "createdAt": "2025-10-09T18:21:24.577Z"
    },
    {
      "id": 2,
      "lotId": "1",
      "reteta": "ADAPTOR LA SITUATIE - CB 01",
      "cantitate": "7.92",
      "numarUnitatiScoase": 24,
      "ambalaj": "sticle",
      "motiv": "rebut",
      "dataIesire": "2025-10-09T18:22:39.107Z",
      "utilizator": "Administrator",
      "observatii": "",
      "createdAt": "2025-10-09T18:22:39.118Z"
    },
    {
      "id": 3,
      "lotId": "1",
      "reteta": "ADAPTOR LA SITUATIE - CB 01",
      "cantitate": "40.00",
      "numarUnitatiScoase": 1,
      "ambalaj": "keguri",
      "motiv": "rebut",
      "dataIesire": "2025-11-12T17:54:02.838Z",
      "utilizator": "Administrator",
      "observatii": "",
      "createdAt": "2025-11-12T17:54:02.849Z"
    },
    {
      "id": 4,
      "lotId": "1",
      "reteta": "ADAPTOR LA SITUATIE - CB 01",
      "cantitate": "99.00",
      "numarUnitatiScoase": 300,
      "ambalaj": "sticle",
      "motiv": "vanzare",
      "dataIesire": "2025-11-12T18:04:33.908Z",
      "utilizator": "Administrator",
      "observatii": "",
      "createdAt": "2025-11-12T18:04:33.930Z"
    },
    {
      "id": 5,
      "lotId": "1",
      "reteta": "INTRERUPATOR DE MUNCA - CB 02",
      "cantitate": "49.83",
      "numarUnitatiScoase": 151,
      "ambalaj": "sticle",
      "motiv": "vanzare",
      "dataIesire": "2025-11-12T20:47:13.486Z",
      "utilizator": "Administrator",
      "observatii": "",
      "createdAt": "2025-11-12T20:47:13.492Z"
    },
    {
      "id": 6,
      "lotId": "2",
      "reteta": "INTRERUPATOR DE MUNCA - CB 02",
      "cantitate": "9.90",
      "numarUnitatiScoase": 30,
      "ambalaj": "sticle",
      "motiv": "vanzare",
      "dataIesire": "2025-11-12T20:47:26.376Z",
      "utilizator": "Administrator",
      "observatii": "",
      "createdAt": "2025-11-12T20:47:26.381Z"
    }
  ]
}