{
  "loturi": [
    {
      "id": 3,
      "fermentatorId": 2,
      "reteta": "INTRERUPATOR DE MUNCA - CB 02",
      "cantitate": 20,
      "unitate": "litri",
      "dataInceput": "2025-11-12T18:06:28.182Z",
      "dataAmbalare": "2025-11-12T19:35:00.905Z",
      "packagingType": "sticle",
      "bottleSize": "0.33l",
      "boxType": "6 sticle",
      "kegSize": null,
      "materialsUsed": [
        {
          "denumire": "Sticle 0.33l",
          "cantitate": 61,
          "unitate": "buc"
        },
        {
          "denumire": "Capace",
          "cantitate": 61,
          "unitate": "buc"
        },
        {
          "denumire": "Etichete",
          "cantitate": 61,
          "unitate": "buc"
        },
        {
          "denumire": "Cutii 6 sticle",
          "cantitate": 11,
          "unitate": "buc"
        }
      ],
      "dataCreare": "2025-11-12T19:35:00.915Z"
    },
    {
      "id": 4,
      "fermentatorId": 2,
      "reteta": "INTRERUPATOR DE MUNCA - CB 02",
      "cantitate": 10,
      "unitate": "litri",
      "dataInceput": "2025-11-12T18:06:28.182Z",
      "dataAmbalare": "2025-11-12T19:37:16.219Z",
      "packagingType": "sticle",
      "bottleSize": "0.33l",
      "boxType": "6 sticle",
      "kegSize": null,
      "materialsUsed": [
        {
          "denumire": "Sticle 0.33l",
          "cantitate": 31,
          "unitate": "buc"
        },
        {
          "denumire": "Capace",
          "cantitate": 31,
          "unitate": "buc"
        },
        {
          "denumire": "Etichete",
          "cantitate": 31,
          "unitate": "buc"
        },
        {
          "denumire": "Cutii 6 sticle",
          "cantitate": 6,
          "unitate": "buc"
        }
      ],
      "dataCreare": "2025-11-12T19:37:16.225Z"
    },
    {
      "id": 5,
      "fermentatorId": 2,
      "reteta": "INTRERUPATOR DE MUNCA - CB 02",
      "cantitate": 10,
      "unitate": "litri",
      "dataInceput": "2025-11-12T18:06:28.182Z",
      "dataAmbalare": "2025-11-12T19:44:54.455Z",
      "packagingType": "sticle",
      "bottleSize": "0.33l",
      "boxType": "6 sticle",
      "kegSize": null,
      "materialsUsed": [
        {
          "denumire": "Sticle 0.33l",
          "cantitate": 31,
          "unitate": "buc"
        },
        {
          "denumire": "Capace",
          "cantitate": 31,
          "unitate": "buc"
        },
        {
          "denumire": "Etichete",
          "cantitate": 31,
          "unitate": "buc"
        },
        {
          "denumire": "Cutii 6 sticle",
          "cantitate": 6,
          "unitate": "buc"
        }
      ],
      "dataCreare": "2025-11-12T19:44:54.464Z"
    },
    {
      "id": 6,
      "fermentatorId": 1,
      "reteta": "ADAPTOR LA SITUATIE - CB 01",
      "cantitate": 20,
      "unitate": "litri",
      "dataInceput": "2025-11-12T19:46:52.748Z",
      "dataAmbalare": "2025-11-12T19:47:12.787Z",
      "packagingType": "keguri",
      "bottleSize": null,
      "boxType": null,
      "kegSize": "Keg 20l",
      "materialsUsed": [
        {
          "denumire": "Keg 20l",
          "cantitate": 1,
          "unitate": "buc"
        }
      ],
      "dataCreare": "2025-11-12T19:47:12.792Z"
    },
    {
      "id": 7,
      "fermentatorId": 1,
      "reteta": "ADAPTOR LA SITUATIE - CB 01",
      "cantitate": 20,
      "unitate": "litri",
      "dataInceput": "2025-11-12T19:46:52.748Z",
      "dataAmbalare": "2025-11-12T19:50:36.713Z",
      "packagingType": "keguri",
      "bottleSize": null,
      "boxType": null,
      "kegSize": "Keg 20l",
      "materialsUsed": [
        {
          "denumire": "Keg 20l",
          "cantitate": 1,
          "unitate": "buc"
        }
      ],
      "dataCreare": "2025-11-12T19:50:36.720Z"
    }
  ]
}